Name,Sequence,Location
F-1,AAAGGATCCTCGGAGAATATTTG,tRNA-Ser
F-2,CCTTTCACTTTTCTCCA,tRNA-Ser
F-3,AGTAGGGTAAGCTAAGC,tRNA-Met
F-4,AAAAGACTACAAGATTAACT,12S
F-5,ACTACTGTGTGGCCTAACC,12S
F-6,CAATGTGGCGGTGCTTTA,12S
F-7,AAGGTTGAATGAAAGAGGAC,12S
F-8,CATGCAAACCTGAACAAGA,12S
F-9,AAGGTAACCCTCCAAAGCTCCA,tRNA-Lys
F-10,CGCCCAATAAACTAATATATCC,16S
F-11,CTACCAACCTCTGCTCACC,16S
F-12,ATGCCTGCCCAGTGAAACT,16S
F-13,ATTGGAGGCCAGTGAAT,16S
F-14,AAACTTGATAAGGACCAA,16S
F-15,CGATGTTGGCTTAAGGATAT,16S
F-16,ACGAGCTGAGTTAAGACC,16S
F-17,TAATACCATTGACTTAG,tRNA-Leu
F-18,CTAAACACTTACTTGCCACC,tRNA-Leu
F-19,TAGCAATTGGCTGTTACC,tRNA-Asn
F-20,CAGGAAATAGTTTAAGT,tRNA-Pro
F-21,GCCACACTAATTTTCTGACC,tRNA-Pro
F-22,TGAAAGCTAGTGATCTGT,tRNA-Gln
F-23,TGTCTTGTAGTATATATT,tRNA-Cys
F-24,TACTAGTACAACTGCCT,tRNA-Gly
M-1,AGGGGAATGGCAGAAAAGC,tRNA-Leu
M-2,TGAAGGGTAGTGTAATATTT,tRNA-Gln
M-3,CTGTTAACCAGTAGACCGTAAC,tRNA-Asn
M-4,AGATACCTGCCAGTCTGAA,16S
M-5,TGGAGAGCTACTATTAACAACCACACA,16S
M-6,AGAAGATCGGGAGCATATCTGCCTTGA,tRNA-Ser
M-7,GAGAAATGGTAGACCAATCTGGGACG,tRNA-Ser
M-8,ATAATCACTTTACATCGGACTTTCG,tRNA-Glu
M-9,AAGATGCGTAGAATATGGA,M-ORF
