"start","stop","centroid","sequence"
2672,2688,"Cluster925_size_579","GTCTTCTGACAGACAAA"
2696,2717,"Cluster942_size_347","GACTTCCATTACTTCATCAACC"
2733,2753,"Cluster953_size_1576","TCTCTATCTACAGAACCACAA"
2738,2758,"Cluster981_size_563","ATCTACAGAACCACAATCTAT"
2917,2935,"Cluster1031_size_1540","TAATAAAAAGACCTGATTT"
2919,2937,"Cluster1043_size_1541","ATAAAAAGACCTGATTTGC"
2922,2939,"Cluster1042_size_4352","AAAAGACCTGATTTGCAA"
2924,2940,"Cluster1093_size_478","AAGACCTGATTTGCAAT"
2933,2952,"Cluster1106_size_499","TTTGCAATCAACTATTGAGT"
2949,2967,"Cluster1105_size_9521","GAGCCCAAACTCTAGAACT"
2950,2971,"Cluster1126_size_358","AGCCCAAACTCTAGAACTACCG"
2952,2971,"Cluster1116_size_13454","CCCAAACTCTAGAACTACCA"
2953,2970,"Cluster1108_size_10480","CCAAACTCTAGAACTACC"
2954,2970,"Cluster1124_size_744","CAAACTCTAGAACTACA"
3008,3025,"Cluster1261_size_1964","AAAGGATCCTCGGAGAAC"
3008,3025,"Cluster1262_size_1053","AAAGGATCCTCGGAGAAA"
3008,3025,"Cluster1266_size_450","AAAGGATCCTCGGAGAAG"
3008,3029,"Cluster1269_size_1051","AAAGGATCCTCGGAGAGTATTT"
3008,3030,"Cluster1256_size_354811","AAAGGATCCTCGGAGAATATTTG"
3008,3030,"Cluster1285_size_287","CAAGGATCCTCGGAGAATATTTG"
3008,3030,"Cluster1292_size_304","AAAGGAACCTCGGAGAATATTTG"
3008,3030,"Cluster1275_size_797","GAAGGATCCTCGGAGAATATTTG"
3008,3030,"Cluster1265_size_1444","AGAGGATCCTCGGAGAATATTTG"
3009,3030,"Cluster1289_size_1334","AAGGATCCTCGGAGAATATTTG"
3016,3032,"Cluster1357_size_236","CTCGGAGAATATTTGCC"
3057,3075,"Cluster1409_size_473","ACTCACTTGTCCTTTACCA"
3078,3094,"Cluster1428_size_255","GAAAGGTAGCCGAGCTC"
3132,3148,"Cluster1513_size_2547","CCTTTCACTTTTCTCCA"
3159,3177,"Cluster1546_size_243","TGTTACCACTTTGCACGTT"
3165,3184,"Cluster1573_size_512","CACTTTGCACGTTGACTTTT"
3168,3185,"Cluster1564_size_1692","TTTGCACGTTGACTTTTC"
3199,3217,"Cluster1587_size_1785","ATATTAGTGTACTTGGTTC"
3200,3218,"Cluster1629_size_275","TATTAGTGTACTTGGTTCT"
4446,4462,"Cluster1811_size_1127","AGTAGGGTAAGCTAAGC"
4604,4621,"Cluster1974_size_464","AAGCAAGAAACTCCAAAG"
4654,4673,"Cluster1986_size_1015","TTACATACCCTCGCTTTCCA"
4671,4691,"Cluster1996_size_949","ACCCACAAATATTTCATTGAN"
4886,4903,"Cluster2063_size_876","AAGTATGTAAGGATGACA"
4953,4973,"Cluster2124_size_338","AGCAAATCCAGGATTACCATC"
4978,4997,"Cluster2135_size_1340","AAAAGACTACAAGATTAACT"
5070,5089,"Cluster2178_size_750","CAGAACTTGGATTAGATACC"
5091,5110,"Cluster2223_size_634","AACTACTGTGTGGCCTAACN"
5092,5110,"Cluster2237_size_2304","ACTACTGTGTGGCCTAACC"
5150,5167,"Cluster2270_size_1650","CAATGTGGCGGTGCTTTA"
5178,5197,"Cluster2287_size_1133","GGGGATCCTGTGGCTTAAAC"
5363,5381,"Cluster7287_size_238","CCCTACTGAAATTCAACCT"
5384,5403,"Cluster2425_size_1673","AAGGTTGAATGAAAGAGGAC"
5395,5412,"Cluster2429_size_930","AAAGAGGACTTGAAAGTA"
5426,5444,"Cluster2491_size_1912","CATGCAAACCTGAACAAGA"
5438,5457,"Cluster2539_size_244","AACAAGAACTAAAGCGCGCA"
5477,5496,"Cluster2572_size_1694","ACAATAAAGTCGGATAAGTC"
5492,5515,"Cluster2609_size_263","AAGTCGTAACATAGTAGGGGTAAC"
5564,5581,"Cluster2629_size_756","AGCTTTTAACTCGACCAC"
5646,5667,"Cluster2691_size_1254","AAGGTAACCCTCCAAAGCTCCA"
5691,5708,"Cluster2728_size_388","ATTTAGGCAAAAGATTGT"
5702,5721,"Cluster2756_size_262","AGATTGTAGCTCTTTATACG"
5739,5758,"Cluster2771_size_223","CGCCCAATAAACTAATATAC"
5739,5759,"Cluster2775_size_457","CGCCCAATAAACTAATATATA"
5739,5760,"Cluster2766_size_29013","CGCCCAATAAACTAATATATCC"
5739,5760,"Cluster2768_size_435","CGCCCAATAAACTAATATATCA"
5739,5760,"Cluster2769_size_1317","CGCCCAATAAACTAATATATCT"
5739,5761,"Cluster2773_size_560","CGCCCAATAAACTAATATATCCA"
5739,5761,"Cluster2767_size_996","CGCCCAATAAACTAATATATCCT"
5798,5817,"Cluster2849_size_483","ATCCCAACAAAACTCTTATC"
5803,5821,"Cluster2860_size_845","AACAAAACTCTTATCCTTA"
5836,5854,"Cluster2877_size_1453","CTACCAACCTCTGCTCACC"
5913,5930,"Cluster2902_size_261","ATCATACTACTCCCGAAT"
5932,5949,"Cluster2905_size_214","ATTATGAGCTACTAAATT"
6144,6161,"Cluster2983_size_1275","ACACCTTAAACGTAGACT"
6147,6164,"Cluster2992_size_455","CCTTAAACGTAGACTTAA"
6151,6171,"Cluster3000_size_987","AAACGTAGACTTAAAAGCAGC"
6371,6390,"Cluster3082_size_254","ACTCGGCAACAAATCTCCCC"
6382,6399,"Cluster3088_size_837","AATCTCCCCTGCCTGTTT"
6389,6405,"Cluster3134_size_443","CCTGCCTGTTTACCAAA"
6390,6408,"Cluster3116_size_311","TTGCCTGTTTACCAAAAAC"
6408,6427,"Cluster3144_size_1169","CATCGTCTTTTGTTAACTCA"
6416,6438,"Cluster3184_size_218","TTTGTTAACTCACATAAAAGATA"
6439,6457,"Cluster3189_size_317","ATGCCTGCCCAGTGAAACT"
6514,6530,"Cluster3266_size_321","ATTGGAGGCCAGTGAAT"
6531,6549,"Cluster3271_size_5082","GGCAAGACTGGGGATATCT"
6534,6555,"Cluster3348_size_252","AAGACTGGGGATATCTGTACCT"
6543,6560,"Cluster3376_size_248","GATATCTGTACCCTGTAT"
6641,6660,"Cluster3461_size_696","CAGTCTTTCTGTGCTTAGAA"
6672,6688,"Cluster3487_size_3011","AAAAGGTTTGATTGGGA"
6682,6701,"Cluster3545_size_308","ATTGGGGCAATCTCGGAACN"
6735,6752,"Cluster3593_size_619","AAACTTGATAAGGACCAA"
6741,6759,"Cluster3605_size_421","GATAAGGACCAAAAAGAAG"
6802,6822,"Cluster3650_size_226","TCAAAAGCTGGGTTTGCGACC"
6824,6843,"Cluster3682_size_2895","CGATGTTGGCTTAAGGATAT"
6826,6845,"Cluster3695_size_3106","ATGTTGGCTTAAGGATATCC"
6828,6845,"Cluster3726_size_978","GTTGGCTTAAGGATATCC"
6829,6845,"Cluster3737_size_263","TTGGCTTAAGGATATCT"
6830,6848,"Cluster3739_size_237","TGGCTTAAGGATATCCACA"
6858,6879,"Cluster3765_size_3810","CCGCTATGACAGGATAGTCTGT"
6867,6885,"Cluster3793_size_1099","CAGGATAGTCTGTTCGACT"
6894,6911,"Cluster3875_size_751","CTTACACGAGCTGAGTTA"
6896,6914,"Cluster3877_size_357","TACACGAGCTGAGTTAAGA"
6899,6916,"Cluster3891_size_1453","ACGAGCTGAGTTAAGACC"
6900,6916,"Cluster3894_size_200","CGAGCTGAGTTAAGACT"
6957,6974,"Cluster3922_size_948","ATTTTCTTGATTGTACGA"
6964,6982,"Cluster3940_size_485","TGATTGTACGAAAGGACCN"
6974,6991,"Cluster3959_size_731","AAAGGACCCCAAGAAGTG"
6976,6995,"Cluster3967_size_367","AGGACCCCAAGAAGTGCAGC"
7028,7049,"Cluster3974_size_947","AACCCTAACCTTAACTTATTTT"
7073,7089,"Cluster3995_size_475","TAATACCATTGACTTAG"
7105,7124,"Cluster4005_size_388","CTAAACACTTACTTGCCACC"
7105,7125,"Cluster4008_size_732","CTAAACACTTACTTGCCACCA"
7145,7162,"Cluster4020_size_1603","TAGCAATTGGCTGTTACC"
7146,7162,"Cluster4018_size_269","AGCAATTGGCTGTTACT"
7147,7164,"Cluster4037_size_419","GCAATTGGCTGTTACCTA"
7150,7167,"Cluster4052_size_394","ATTGGCTGTTACCTAATA"
7205,7221,"Cluster4067_size_232","CAGGAAATAGTTTAAGC"
7205,7221,"Cluster4066_size_2549","CAGGAAATAGTTTAAGT"
7252,7271,"Cluster4090_size_4001","GCCACACTAATTTTCTGACC"
7252,7271,"Cluster4093_size_218","GCCACACTAATTTTCTGACA"
10435,10451,"Cluster4660_size_427","ATACCACCTTATCCCTC"
10438,10455,"Cluster4662_size_261","CCACCTTATCCCTCCTTT"
10457,10473,"Cluster4673_size_273","CCTCCCCTTTTTTCAAA"
10467,10487,"Cluster4676_size_1403","TTTCAAAATTTCAGGCCACGG"
10520,10536,"Cluster4686_size_754","ATACCACCTTATCTTTA"
10520,10540,"Cluster8467_size_209","ATACCACCTTATCTTTAATAG"
10522,10540,"Cluster4691_size_514","ACCACCTTATCTTTAATAG"
10723,10741,"Cluster4757_size_321","CCCACTTAACAGCCATTAG"
10900,10917,"Cluster4770_size_2572","TGAAAGCTAGTGATCTGT"
10912,10930,"Cluster4799_size_496","ATCTGTCACAAATGAATTT"
10967,10986,"Cluster4867_size_216","ATTTTCTGTCTTGTAGTATA"
10973,10990,"Cluster11336_size_533","TGTCTTGTAGTATATATT"
11061,11077,"Cluster4904_size_5669","GAAGAACGGACTACTTT"
11061,11077,"Cluster4925_size_308","GAAGAACGGACTACTTC"
11064,11080,"Cluster4934_size_819","GAACGGACTACTTTGAT"
11086,11105,"Cluster5013_size_262","AGATCATGGACTAAGCACCT"
11092,11111,"Cluster4987_size_12049","TGGACTAAGCACCCGATACT"
11095,11114,"Cluster5029_size_777","ACTAAGCACCCGATACTTCC"
11139,11156,"Cluster5045_size_373","TTACCGCTCGTTTACACC"
11219,11237,"Cluster5076_size_366","CTGATCAAGGAGAACACCT"
12188,12204,"Cluster5202_size_239","TATATACTAGTACAACT"
12192,12208,"Cluster5212_size_876","TACTAGTACAACTGCCT"
14658,14675,"Cluster5692_size_1409","GAAAAGAATACCTAACAA"
